facilityName;streetAdress;city;state;zipCode;publicPhone
ACTON POST OFFICE;7 POST OFFICE SQUARE;ACTON;MA;01720;9782637744
AMHERST POST OFFICE;145 UNIVERSITY DRIVE;AMHERST;MA;01002;4135490523
AMHERST TOWN CLERK;4 BOLTWOOD AVENUE;AMHERST;MA;01002;4132593035
ANDOVER POST OFFICE;10 STEVENS ST;ANDOVER;MA;01810;9784756801
ARLINGTON POST OFFICE;10 COURT STREET;ARLINGTON;MA;02476;7816481941
ASHBY POST OFFICE;10 COMMON RD;ASHBY;MA;01431;9783860041
TOWN OF ASHLAND ASSESSORS OFFICE;101 MAIN STREET;ASHLAND;MA;01721;5088810100
ATTLEBORO POST OFFICE;901 PLEASANT STREET;ATTLEBORO;MA;02703;5082229201
AYER POST OFFICE;1 COLUMBIA ST;AYER;MA;01432;9787726896
BALDWINVILLE POST OFFICE;38 ELM ST;BALDWINVILLE;MA;01436;9789395780
BARNSTABLE POST OFFICE;3230 MAIN ST;BARNSTABLE;MA;02630;5083622413
BARRE POST OFFICE;500 SOUTH ST;BARRE;MA;01005;9783552375
BEDFORD POST OFFICE;158 GREAT ROAD;BEDFORD;MA;01730;7812752924
BELCHERTOWN POST OFFICE;35 MAIN STREET;BELCHERTOWN;MA;01007;4133236619
BELMONT POST OFFICE;405 CONCORD AVENUE;BELMONT;MA;02478;6174844201
BERLIN POST OFFICE;260 PLEASANT ST;BERLIN;MA;01503;9788382847
BEVERLY FARMS POST OFFICE;36 WEST STREET;BEVERLY;MA;01915;9789273688
BEVERLY MAIN POST OFFICE;151 RANTOUL STREET;BEVERLY;MA;01915;9789223338
BILLERICA PUBLIC LIBRARY;15 CONCORD ROAD;BILLERICA;MA;01821;9786710948
ASTOR STATION POST OFFICE;207 MASSACHUSETTS AVENUE;BOSTON;MA;02123;6172472429
BACK BAY ANNEX POST OFFICE;133 CLARENDON STREET;BOSTON;MA;02116;6175875260
FORT POINT STATION;25 DORCHESTER AVE;BOSTON;MA;02205;6176545325
JOHN F. KENNEDY POST OFFICE;25 NEW CHARDON STREET;BOSTON;MA;02114;6175236566
MILK STREET POST OFFICE;31 MILK STREET;BOSTON;MA;02109;6174821956
PRUDENTIAL POST OFFICE;800 BOYLSTON ST;BOSTON;MA;02199;6172674164
ROXBURY POST OFFICE;55 ROXBURY STREET;BOSTON;MA;02119;6174274898
BOXFORD POST OFFICE;7 ELM STREET;BOXFORD;MA;01921;9788870837
BRAINTREE POST OFFICE;125 PEARL STREET;BRAINTREE;MA;02185;7813564569
BREWSTER POST OFFICE;260 UNDERPASS RD;BREWSTER;MA;02631;5088968377
BRIDGEWATER POST OFFICE;169 BROAD ST;BRIDGEWATER;MA;02324;5086971576
BRIGHTON POST OFFICE;424 WASHINGTON STREET;BRIGHTON;MA;02135;6172545026
BROCKTON POST OFFICE;120 COMMERCIAL STREET;BROCKTON;MA;02302;5085591954
BROOKLINE POST OFFICE;1295 BEACON STREET;BROOKLINE;MA;02446;6177381649
BURLINGTON POST OFFICE;5 BEDFORD STREET;BURLINGTON;MA;01803;7812704449
BOURNE PLANNING BOARD;24 PERRY AVENUE;BUZZARDS BAY;MA;02532;5087590600
CENTRAL SQUARE POST OFFICE;770 MASSACHUSETTS AVE;CAMBRIDGE;MA;02139;6175758700
HARVARD SQUARE POST OFFICE;125 MOUNT AUBURN STREET;CAMBRIDGE;MA;02138;6174928778
CANTON PUBLIC LIBRARY;786 WASHINGTON STREET;CANTON;MA;02021;3395025721
CARVER PUBLIC LIBRARY;2 MEADOWBROOK WAY;CARVER;MA;02330;5088663415
CHARLESTOWN POST OFFICE;23 AUSTIN STREET;CHARLESTOWN;MA;02129;6172415322
CHARLTON CITY POST OFFICE;9 POWERSTATION RD;CHARLTON CITY;MA;01508;5082486108
CHELMSFORD POST OFFICE;45 ALPINE LANE;CHELMSFORD;MA;01824;9782562670
CHELSEA POST OFFICE;320 BROADWAY;CHELSEA;MA;02150;6178843578
CHESTNUT HILL POST OFFICE;12 MIDDLESEX ROAD;CHESTNUT HILL;MA;02467;6175660941
CHICOPEE BOARD OF REGISTRARS OF VOTERS;274 FRONT STREET;CHICOPEE;MA;01013;4135941550
CHICOPEE POST OFFICE;28 MAIN STREET;CHICOPEE;MA;01020;4135929451
CLINTON POST OFFICE;320 HIGH STREET;CLINTON;MA;01510;9783687601
CONCORD POST OFFICE;34 WALDEN STREET;CONCORD;MA;01742;9783697613
SOUTHWORTH LIBRARY;732 DARTMOUTH STREET;DARTMOUTH;MA;02748;5089990726
DEDHAM POST OFFICE;611 HIGH STREET;DEDHAM;MA;02026;7813263462
DIGHTON PUBLIC LIBRARY;395 MAIN STREET;DIGHTON;MA;02715;5086696421
CODMAN SQUARE POST OFFICE;554 WASHINGTON STREET;DORCHESTER;MA;02124;6178257534
FIELDS CORNER POST OFFICE;218 ADAMS STREET;DORCHESTER;MA;02122;6172880834
DRACUT POST OFFICE;54 BROADWAY RD;DRACUT;MA;01826;9784412458
DUXBURY POST OFFICE;56 DEPOT STREET;DUXBURY;MA;02332;7819345185
VETERANS SERVICES;175 CENTRAL STREET;EAST BRIDGEWATER;MA;02333;5083781603
EAST SANDWICH POST OFFICE;443 ROUTE 6A;EAST SANDWICH;MA;02537;5088334684
EASTHAMPTON POST OFFICE;191 NORTHAMPTON ST;EASTHAMPTON;MA;01027;4135270060
DUKES COUNTY SUPERIOR COURT;81 MAIN STREET;EDGARTOWN;MA;02539;5086274668
EVERETT POST OFFICE;11 NORWOOD STREET;EVERETT;MA;02149;6173811016
FALL RIVER POST OFFICE;2 GOVERMENT CTR;FALL RIVER;MA;02722;5086466565
FALL RIVER PUBLIC LIBRARY;104 NORTH MAIN STREET;FALL RIVER;MA;02720;5083242700
FALMOUTH POST OFFICE;120 MAIN STREET;FALMOUTH;MA;02540;5084570158
FEEDING HILLS POST OFFICE;1339 SPRINGFIELD STREET;FEEDING HILLS;MA;01030;4137861030
FITCHBURG POST OFFICE;881 MAIN STREET;FITCHBURG;MA;01420;9783426343
FOXBORO POST OFFICE;15 WALL STREET;FOXBORO;MA;02035;5085435821
TOWN OF FOXBOROUGH TREASURER-COLLECTORS OFFICE;40 SOUTH STREET;FOXBOROUGH;MA;02035;5085431216
FRAMINGHAM POST OFFICE;330 COCHITUATE RD;FRAMINGHAM;MA;01701;5086200400
TOWN OF FRANKLIN ADMINISTRATION OFFICE;355 EAST CENTRAL STREET;FRANKLIN;MA;02038;5085534890
GARDNER POST OFFICE;69 PLEASANT ST;GARDNER;MA;01440;9786325697
GLOUCESTER POST OFFICE;15 DALE AVE;GLOUCESTER;MA;01930;9782835188
GREAT BARRINGTON POST OFFICE;222 MAIN STREET;GREAT BARRINGTON;MA;01230;4135283670
GREENFIELD POST OFFICE;442 MAIN STREET;GREENFIELD;MA;01301;4137733654
GROTON TOWN HALL TOWN MANAGERS OFFICE;173 MAIN STREET;GROTON;MA;01450;9787321881
HADLEY POST OFFICE;186 RUSSELL ST.;HADLEY;MA;01035;4135860961
HAMPDEN POST OFFICE;534 MAIN ST;HAMPDEN;MA;01036; 
TOWN OF HANOVER-COMMUNITY SERVICES;550 HANOVER STREET;HANOVER;MA;02339;7818265000
HARWICH COMMUNITY CENTER;100 OAK STREET;HARWICH;MA;02645;5084307568
HAVERHILL POST OFFICE;2 WASHINGTON SQUARE;HAVERHILL;MA;01830;9783735417
HINGHAM POST OFFICE;121 NORTH STREET;HINGHAM;MA;02043;7817490610
HOLDEN POST OFFICE;1037 MAIN ST;HOLDEN;MA;01520;5088297534
HOLYOKE POST OFFICE;650 DWIGHT STREET;HOLYOKE;MA;01040;4135344577
INGLESIDE STATION HOLYOKE MALL;50 HOLYOKE ST;HOLYOKE;MA;01041;4135360230
HOPKINTON POST OFFICE;5 CEDAR STREET;HOPKINTON;MA;01748;5084358787
HUDSON TOWN HALL-VETERANS SERVICES;78 MAIN STREET;HUDSON;MA;01749;9785689635
HULL POST OFFICE;515 NANTASKET AVE;HULL;MA;02045;7819253745
HYANNIS POST OFFICE;385 MAIN STREET;HYANNIS;MA;02601;5087757344
IPSWICH POST OFFICE;27 MARKET STREET;IPSWICH;MA;01938;9783562585
TOWN OF IPSWICH;25 GREEN ST;IPSWICH;MA;01938;9783566610
JAMAICA PLAIN POST OFFICE;655 CENTRE STREET;JAMAICA PLAIN;MA;02130;6175243620
JEFFERSON POST OFFICE;140 PRINCETON STREET;JEFFERSON;MA;01522;5088297194
LANCASTER POST OFFICE;771 MAIN ST;LANCASTER;MA;01523;9783654923
LAWRENCE POST OFFICE;431 COMMON STREET;LAWRENCE;MA;01840;9786914588
LEE POST OFFICE;35 FRANK P CONSOLATI WAY;LEE;MA;01238;4132431392
LEICESTER POST OFFICE;1199 MAIN STREET;LEICESTER;MA;01524;5088927971
LEOMINSTER POST OFFICE;68 MAIN ST;LEOMINSTER;MA;01453;9785378030
LEXINGTON POST OFFICE;1661 MASSACHUSETTS AVENUE;LEXINGTON;MA;02420;7818624006
LINCOLN POST OFFICE;145 LINCOLN RD;LINCOLN;MA;01773;7812590161
LITTLETON POST OFFICE;451 KING STREET;LITTLETON;MA;01460;9784860939
LONGMEADOW PARKS AND RECREATION;735 LONGMEADOW STREET;LONGMEADOW;MA;01106;4135654160
LOWELL POST OFFICE;155 FATHER MORISSETTE BLVD;LOWELL;MA;01854;9789340997
LUNENBURG POST OFFICE;945 MASSACHUSETTS AVE;LUNENBURG;MA;01462;9785820006
LYNN POST OFFICE;51 WILLOW STREET;LYNN;MA;01901;3394408504
SOUTH LYNNFIELD POST OFFICE;598 SALEM STREET;LYNNFIELD;MA;01940;7815994830
MALDEN POST OFFICE;109 MOUNTAIN AVE;MALDEN;MA;02148;7813220649
MANSFIELD POST OFFICE;12 GILES PLACE;MANSFIELD;MA;02048;5083396942
MARBLEHEAD POST OFFICE;27 SMITH STREET;MARBLEHEAD;MA;01945;7816312000
MARLBOROUGH POST OFFICE;20 FLORENCE ST;MARLBOROUGH;MA;01752;5084851341
MASHPEE POST OFFICE;11 MARKET ST;MASHPEE;MA;02649;5084774852
MASHPEE TOWN CLERK;16 GREAT NECK ROAD NORTH;MASHPEE;MA;02649;5085391418
MATTAPAN POST OFFICE;1602 BLUE HILL AVENUE;MATTAPAN;MA;02126;6172961291
MAYNARD POST OFFICE;143 MAIN STREET;MAYNARD;MA;01754;9788971963
MEDFIELD POST OFFICE;60 NORTH ST;MEDFIELD;MA;02052;5083595502
MEDFORD POST OFFICE;20 FOREST STREET;MEDFORD;MA;02155;7813962444
MEDWAY VILLAGE STATION POST OFFICE;137 VILLAGE ST;MEDWAY;MA;02053;5085335728
MENDON POST OFFICE;12 MAPLE ST;MENDON;MA;01756;5084736451
MERRIMAC POST OFFICE;79 EAST MAIN ST;MERRIMAC;MA;01860;9783467400
METHUEN POST OFFICE;272 BROADWAY ST;METHUEN;MA;01844;9786834019
MIDDLEBORO POST OFFICE;90 CENTRE ST;MIDDLEBORO;MA;02346;5089474767
MILFORD POST OFFICE;2 CONGRESS STREET;MILFORD;MA;01757;5084735839
MILLBURY POST OFFICE;119 ELM STREET;MILLBURY;MA;01527;5088653392
MILTON POST OFFICE;499 ADAMS ST;MILTON;MA;02186;6176966867
MONSON POST OFFICE;109 MAIN ST;MONSON;MA;01057;4132679277
SALTMARSH SENIOR CENTER;81 WASHINGTON STREET;NANTUCKET;MA;02554;5083257559
NATICK  POST OFFICE;15 COMMON STREET;NATICK;MA;01760;5086471864
NEEDHAM POST OFFICE;1150 GREAT PLAIN AVE;NEEDHAM;MA;02492;7814490707
TOWN OF NEEDHAM MANAGERS OFFICE;1471 HIGHLAND AVENUE;NEEDHAM;MA;02492;7814557500
CITY OF NEW BEDFORD TREASURERS OFFICE;133 WILLIAM STREET  ROOM 103;NEW BEDFORD;MA;02740;5089791430
NEW BEDFORD MAIN;695 PLEASANT STREET;NEW BEDFORD;MA;02740;5089797421
NEWBURYPORT CITY CLERK;60 PLEASANT ST;NEWBURYPORT;MA;01950;9784654407
NEWTON CENTER RETAIL;716 BEACON STREET;NEWTON CENTER;MA;02459;6175581399
NEWTONVILLE POST OFFICE;897 WASHINGTON STREET;NEWTONVILLE;MA;02460;6172442355
NORFOLK PUBLIC LIBRARY;139 MAIN STREET;NORFOLK;MA;02056;5085283380
NORTH ADAMS POST OFFICE;67 SUMMER STREET;NORTH ADAMS;MA;01247;4136644554
TOWN OF NORTH ANDOVER - TOWN CLERK;120 MAIN STREET;NORTH ANDOVER;MA;01845;9786889501
NORTH ATTLEBORO ELECTIONS OFFICE;43 SOUTH WASHINGTON STREET;NORTH ATTLEBORO;MA;02760;5086990106
NORTH EASTON POST OFFICE;300 MAIN STREET;NORTH EASTON;MA;02356;5082388261
GRAFTON PUBLIC LIBRARY;53 NORTH MAIN ST;NORTH GRAFTON;MA;01536;5088394649
NORTH OXFORD POST OFFICE;681 MAIN STREET;NORTH OXFORD;MA;01537;5089871439
NORTH WALTHAM POST OFFICE;854 LEXINGTON STREET;NORTH WALTHAM;MA;02452;7818939520
HAMPSHIRE SUPERIOR COURT;15 GOTHIC STREET;NORTHAMPTON;MA;01060;4135845810
NORTHBOROUGH POST OFFICE;235 WEST MAIN STREET;NORTHBOROUGH;MA;01532;5083938285
NORTHBRIDGE POST OFFICE;76 SUTTON STREET;NORTHBRIDGE;MA;01534;5082345826
MORRILL MEMORIAL LIBRARY;33 WALPOLE STREET;NORWOOD;MA;02062;7817690200
NORWOOD POST OFFICE;1 CENTRAL STREET;NORWOOD;MA;02062;7817624538
TOWN OF ORLEANS - ASSESSORS DEPARTMENT;19 SCHOOL ROAD;ORLEANS;MA;02653;5082403700
PALMER POST OFFICE;1057 PARK STREET;PALMER;MA;01069;4132838211
PEABODY POST OFFICE;4 ESSEX CENTER DR;PEABODY;MA;01960;9785316666
PEMBROKE PUBLIC LIBRARY;142 CENTER ST;PEMBROKE;MA;02359;7812936771
PITTSFIELD POST OFFICE;212 FENN STREET;PITTSFIELD;MA;01201;4134426961
PLAINVILLE PUBLIC LIBRARY;198 SOUTH STREET;PLAINVILLE;MA;02762;5086951784
PLYMOUTH POST OFFICE;100 LONG POND ROAD;PLYMOUTH;MA;02360;5087466446
PROVINCETOWN POST OFFICE;219 COMMERCIAL ST.;PROVINCETOWN;MA;02657;5084870368
QUINCY POST OFFICE;47 WASHINGTON STREET;QUINCY;MA;02169;6177736641
RANDOLPH POST OFFICE;16 THOMAS PATTEN DR;RANDOLPH;MA;02368;7819630386
READING POST OFFICE;123 HAVEN STREET STE 2;READING;MA;01867;7819445782
REVERE FINANCIAL STATION;300 BROADWAY;REVERE;MA;02151;7812892105
ROCKPORT POST OFFICE;39 BROADWAY;ROCKPORT;MA;01966;9785462667
ROSLINDALE POST OFFICE;16 CUMMINS HWY;ROSLINDALE;MA;02131;6173230791
ROWLEY POST OFFICE;161 MAIN STREET;ROWLEY;MA;01969;9789487829
RUTLAND POST OFFICE;26 MAPLE AVE;RUTLAND;MA;01543;5088864278
SALEM CITY HALL COLLECTORS OFFICE;93 WASHINGTON STREET RM 4;SALEM;MA;01970;9787459595
SALEM POST OFFICE;2 MARGIN STREET;SALEM;MA;01970;9787444671
SCITUATE POST OFFICE;108 FIRST PARISH RD;SCITUATE;MA;02066;7815451982
SHELBURNE FALLS POST OFFICE;7 CHURCH STREET;SHELBURNE FALLS;MA;01370;4136256757
SHERBORN POST OFFICE;29 N MAIN STREET;SHERBORN;MA;01770;5086539405
SHREWSBURY POST OFFICE;43 MAPLE AVE;SHREWSBURY;MA;01545;5087955965
WEST SOMERVILLE POST OFFICE;58 DAY STREET;SOMERVILLE;MA;02144;6176662255
SOUTH BOSTON POST OFFICE;444 EAST 3RD ST;SOUTH BOSTON;MA;02127;6172690556
SOUTH DEERFIELD POST OFFICE;60 SUGARLOAF ST;SOUTH DEERFIELD;MA;01373;4136652587
SOUTH DENNIS POST OFFICE;9 MARKET PLACE;SOUTH DENNIS;MA;02660;5087601362
SOUTH GRAFTON POST OFFICE;17 FERRY STREET;SOUTH GRAFTON;MA;01560;5088390473
SOUTH HADLEY POST OFFICE;1 HADLEY STREET;SOUTH HADLEY;MA;01075;4135388686
SOUTH WEYMOUTH POST OFFICE;84  PLEASANT STREET;SOUTH WEYMOUTH;MA;02190;7813353221
SOUTHBRIDGE POST OFFICE;235 MAIN STREET;SOUTHBRIDGE;MA;01550;5087644502
SOUTHWICK POST OFFICE;653 COLLEGE HIGHWAY;SOUTHWICK;MA;01077;4135696619
SPENCER POST OFFICE;10 MECHANIC ST;SPENCER;MA;01562;5088855682
SPRINGFIELD POST OFFICE;1883 MAIN STREET;SPRINGFIELD;MA;01101;4137310573
STONEHAM POST OFFICE;345 MAIN STREET;STONEHAM;MA;02180;7814387440
TOWN OF STONEHAM - ELECTIONS AND REGISTRATION;35 CENTRAL STREET;STONEHAM;MA;02180;7812792650
GOODNOW LIBRARY;21 CONCORD ROAD;SUDBURY;MA;01776;9784405520
SUTTON POST OFFICE;156 WORCESTER PROVIDENCE TURNPIKE;SUTTON;MA;01590;5088652876
TAUNTON POST OFFICE;37 TAUNTON GREEN;TAUNTON;MA;02780;5088236028
TEWKSBURY POST OFFICE;1751 MAIN STREET;TEWKSBURY;MA;01876;9788516390
TOPSFIELD POST OFFICE;4 MAIN STREET;TOPSFIELD;MA;01983;9788875307
TURNERS FALLS POST OFFICE;178 AVENUE A;TURNERS FALLS;MA;01376;4138634727
TYNGSBORO POST OFFICE;353 MIDDLESEX ROAD;TYNGSBORO;MA;01879;9786497381
UPTON POST OFFICE;116 MAIN STREET;UPTON;MA;01568;5085299183
UPTON TOWN LIBRARY;2 MAIN STREET;UPTON;MA;01568;5085296272
UXBRIDGE POST OFFICE;287 MILLVILLE RD;UXBRIDGE;MA;01569;5082786834
VINEYARD HAVEN POST OFFICE;1 LAGOON POND ROAD;VINEYARD HAVEN;MA;02568;5086932818
WABAN POST OFFICE;83 WYMAN STREET;WABAN;MA;02468;6175273673
WAKEFIELD POST OFFICE;321 MAIN STREET;WAKEFIELD;MA;01880; 
WALTHAM POST OFFICE;776 MAIN STREET;WALTHAM;MA;02451;7818939752
WARE POST OFFICE;165 WEST ST;WARE;MA;01082;4139679914
WAREHAM POST OFFICE;248 MAIN STREET;WAREHAM;MA;02571; 
WATERTOWN SQUARE POST OFFICE;126 MAIN STREET;WATERTOWN;MA;02472;6179241215
WEBSTER POST OFFICE;339 MAIN STREET;WEBSTER;MA;01570;5089434869
WELLESLEY SQUARE POST OFFICE;1 GROVE ST;WELLESLEY;MA;02482;7812353666
WELLESLEY HILLS POST OFFICE;337 WASHINGTON STREET;WELLESLEY HILLS;MA;02481;7812354374
WENHAM POST OFFICE;146 MAIN STREET;WENHAM;MA;01984;9784684493
WEST BOYLSTON POST OFFICE;67 WEST BOYLSTON ST;WEST BOYLSTON;MA;01583;5088352022
WEST BRIDGEWATER PUBLIC LIBRARY;80 HOWARD STREET;WEST BRIDGEWATER;MA;02379;5088941255
WEST NEWBURY POST OFFICE;284 MAIN STREET;WEST NEWBURY;MA;01985;9783632948
WEST ROXBURY POST OFFICE;1834 CENTRE STREET;WEST ROXBURY;MA;02132;6173236143
WEST SPRINGFIELD POST OFFICE;74 ELM STREET;WEST SPRINGFIELD;MA;01089;4137342321
WEST TISBURY FREE PUBLIC LIBRARY;1042 STATE ROAD;WEST TISBURY;MA;02575;5086933366
WESTBOROUGH POST OFFICE;150 EAST MAIN STREET;WESTBOROUGH;MA;01581; 
WESTFIELD POST OFFICE;8 WEST SILVER ST;WESTFIELD;MA;01085;4135680096
WESTFORD POST OFFICE;301 LITTLETON ROAD;WESTFORD;MA;01886;9786923756
WESTON POST OFFICE;25 COLPITTS ROAD;WESTON;MA;02493;7818937667
WEYMOUTH POST OFFICE;103 WASHINGTON STREET;WEYMOUTH;MA;02188;7813370098
WHITINSVILLE POST OFFICE;44 CHURCH STREET;WHITINSVILLE;MA;01588;5082345917
WHITMAN COUNCIL ON AGING;16 HAYDEN AVENUE;WHITMAN;MA;02382;7814477619
WILBRAHAM POST OFFICE;40 POST OFFICE PARK;WILBRAHAM;MA;01095;4135963146
WILLIAMSBURG POST OFFICE;1 WILLIAMS STREET;WILLIAMSBURG;MA;01096;4132687274
TOWN OF WILMINGTON;121 GLEN RD;WILMINGTON;MA;01887;9786582030
WILMINGTON RECREATION DEPARTMENT;121 GLEN ROAD;WILMINGTON;MA;01887;9786584270
WINTHROP POST OFFICE;5 MICHAELS MALL;WINTHROP;MA;02152;6178460995
WOBURN POST OFFICE;462 WASHINGTON STREET;WOBURN;MA;01801;7819378624
WORCESTER MAIN POST OFFICE;4 EAST CENTRAL STREET;WORCESTER;MA;01613;5087953712
FISKE PUBLIC LIBRARY;110 RANDALL ROAD;WRENTHAM;MA;02093;5083845440
