facilityName;streetAdress;city;state;zipCode;publicPhone
ADELANTO POST OFFICE;11530 RANCHO ROAD;ADELANTO;CA;92301;7602468535
ALAMEDA POST OFFICE;2201 SHORELINE DRIVE;ALAMEDA;CA;94501;5107484156
CITY OF ALAMEDA CITY CLERK OFFICE;2263 SANTA CLARA AVE;ALAMEDA;CA;94501;5107474804
ALAMO PO;160 ALAMO PLAZA;ALAMO;CA;94507;9259359953
ALBANY CITY CLERK;1000 SAN PABLO AVE.;ALBANY;CA;94706;5105285710
ALHAMBRA CIVIC CENTER LIBRARY;101 S. 1ST STREET;ALHAMBRA;CA;91801;6265705028
ALHAMBRA POST OFFICE;10 W. BAY STATE ST;ALHAMBRA;CA;91802;6262891681
ALPINE POST OFFICE;2127 ARNOLD WAY;ALPINE;CA;91901;6194451772
ALTADENA LIBRARY DISTRICT;600 EAST MARIPOSA STREET;ALTADENA;CA;91001;6267982950
MODOC COUNTY BOARD OF SUPERVISORS;204 S. COURT STREET;ALTURAS;CA;96101;5302336201
ALVISO POST OFFICE;1525 GOLD STREET;ALVISO;CA;95002;4082624258
ANAHEIM CITY CLERKS OFFICE;200 S. ANAHEIM BLVD;ANAHEIM;CA;92805;7147654540
ANAHEIM HILLS STATION POST OFFICE;5505 E. SANTA ANA CANYON ROAD;ANAHEIM;CA;92817;7149212304
ANAHEIM MAIN POST OFFICE;701 N. LOARA ST;ANAHEIM;CA;92803;7145202639
BROOKHURST CENTER STATION POST OFFICE;2255 W. BALL RD.;ANAHEIM;CA;92804;7147740188
HOLIDAY (ANAHEIM) STATION;1180  W. BALL RD.;ANAHEIM;CA;92812;7145338182
ORANGE COUNTY CLERK-RECORDER NORTH COUNTY BRANCH OFFICE;222 S HARBOR BLVD, SUITE 110;ANAHEIM;CA;92805;7147731362
ANGELUS OAKS POST OFFICE;37696 STATE HIGHWAY 38;ANGELUS OAKS;CA;92305;9097942909
ANGWIN POST OFFICE;5 ANGWIN PLAZA;ANGWIN;CA;94508;7079652272
ANTIOCH POST OFFICE;2730 WEST TREGALLAS RD.;ANTIOCH;CA;94509;9257570379
ANZA POST OFFICE;38775 CONTRERAS RD;ANZA;CA;92539;9517632074
APPLE VALLEY TOWN CLERK OFFICE;14955 DALE EVANS PARKWAY;APPLE VALLEY;CA;92307;7602407000
APTOS MAIN POST OFFICE;500 CATHEDRAL DRIVE;APTOS;CA;95003;8316883165
ARCADIA PUBLIC LIBRARY;20 W. DUARTE RD;ARCADIA;CA;91006;6262944848
ARCATA POST OFFICE;799 H ST;ARCATA;CA;95521;7078223370
ARMONA POST OFFICE;13992 ADA ST.;ARMONA;CA;93202;5595824521
ARROYO GRANDE LIBRARY;800 WEST BRANCH;ARROYO GRANDE;CA;93420;8054737161
ARTESIA CITY HALL;18747 CLARKDALE AVE.;ARTESIA;CA;90701;5628656262
ARVIN POST OFFICE;140 N. HILL STREET;ARVIN;CA;93203;6618546412
ATASCADERO LIBRARY;6555 CAPISTRANO;ATASCADERO;CA;93422;8054616161
ATWOOD POST OFFICE;1679 E. ORANGETHORPE AVE;ATWOOD;CA;92811;7145282414
AUBURN POST OFFICE;371 NEVADA ST.;AUBURN;CA;95603;5308857837
PLACER COUNTY CLERK;2954 RICHARDSON DRIVE;AUBURN;CA;95603;5308865600
AVALON POST OFFICE;118 METROPOLE AVE;AVALON;CA;90704;3105102850
AVENAL POST OFFICE;913 E. SAN JOAQUIN ST.;AVENAL;CA;93204;5593861075
AZUSA CITY LIBRARY;729 N. DALTON AVE;AZUSA;CA;91702;6268125232
AZUSA POST OFFICE;110 W. 6TH STREET;AZUSA;CA;91702;6269699530
STOCKDALE STATION POST OFFICE;5501 STOCKDALE HWY;BAKERSFIELD;CA;93309;6615276808
BALDWIN PARK CITY HALL;14403 E. PACIFIC AVENUE;BALDWIN PARK;CA;91706;6269604011
BALDWIN PARK POST OFFICE;4230 N. MAINE AVE;BALDWIN PARK;CA;91706;6269620268
BANNING POST OFFICE;176 N. ALESSANDRO ST;BANNING;CA;92220;9518492447
BARSTOW CITY CLERKS OFFICE;220 E. MOUNTAIN VIEW STREET;BARSTOW;CA;92311;7602563531
BARSTOW MAIN POST OFFICE;425 S. SECOND AVE;BARSTOW;CA;92311;7602569304
BEAUMONT CITY HALL;550 E. 6TH STREET;BEAUMONT;CA;92223;9517698520
BEAUMONT POST OFFICE;950 BEAUMONT AVE;BEAUMONT;CA;92223;8008019801
BELL GARDENS CITY CLERKS OFFICE;7100 GARFIELD AVENUE;BELL GARDENS;CA;90201;5628067704
BELL GARDENS MAIN POST OFFICE;7001 S. GARFIELD AVE;BELL GARDENS;CA;90201;5627765294
BELLFLOWER MAIN POST OFFICE;9835 FLOWER ST;BELLFLOWER;CA;90706;5629201776
BELMONT POST OFFICE;640 MASONIC WAY;BELMONT;CA;94002;6505919588
BEN LOMOND POST OFFICE;250 MAIN STREET;BEN LOMOND;CA;95005;8313363528
BENICIA POST OFFICE;290 EAST L STREET;BENICIA;CA;94510;7077454019
BERKELEY POST OFFICE;2000 ALLSTON WAY;BERKELEY;CA;94704;5106493114
UC BERKELEY PASSPORT OFFICE;2301 BANCROFT WAY;BERKELEY;CA;94720;5106427796
BEVERLY HILLS PUBLIC LIBRARY;444 N. REXFORD DRIVE;BEVERLY HILLS;CA;90210;3102882279
BIG BEAR LAKE POST OFFICE;472 PINE KNOT BLVD;BIG BEAR LAKE;CA;92315;9098661035
BIG PINE POST OFFICE;140 N. MAIN ST.;BIG PINE;CA;93513;7609382542
BIOLA POST OFFICE;4672 N. BIOLA AVE;BIOLA;CA;93606;5598432338
BISHOP MAIN POST OFFICE;585 W. LINE ST;BISHOP;CA;93514;7608733526
BLAIRSDEN - GRAEAGLE POST OFFICE;1228 WASCO TR;BLAIRSDEN/ GRAEAGLE;CA;96103;5308362352
BLOOMINGTON POST OFFICE;10191 LINDEN AVE;BLOOMINGTON;CA;92316;9098775042
BLYTHE POST OFFICE;200 E. MURPHY ST;BLYTHE;CA;92225;7609221711
BORREGO SPRINGS POST OFFICE;2599 COUNTRY CLUB ROAD;BORREGO SPRINGS;CA;92004;7607670741
BOYES HOT SPRINGS POST OFFICE;18092 SONOMA HWY;BOYES HOT SPRINGS;CA;95416;7079383750
BRADLEY POST OFFICE;73101 PLEYTO ST.;BRADLEY;CA;93426;8054722377
BRAWLEY POST OFFICE;401 MAIN STREET;BRAWLEY;CA;92227;7603446870
BREA MAIN POST OFFICE;700 E. BIRCH ST;BREA;CA;92822;7145297850
BRENTWOOD CITY CLERK;150 CITY PARK WAY;BRENTWOOD;CA;94513;9255165440
BRENTWOOD POST OFFICE;18 OAK STREET;BRENTWOOD;CA;94513;9252402065
BUENA PARK LIBRARY DISTRICT;7150 W. LA PALMA AVENUE;BUENA PARK;CA;90620;7148264100
BUENA PARK POST OFFICE;7377 LA PALMA AVE;BUENA PARK;CA;90622;7145238701
CITY OF BUENA PARK - CITY HALL;6650 BEACH BLVD;BUENA PARK;CA;90622;7145623750
CITY OF BURBANK CITY CLERKS OFFICE;275 E. OLIVE AVENUE;BURBANK;CA;91502;8182385851
BURLINGAME MPO;329 PRIMROSE ROAD;BURLINGAME;CA;94010;6503474686
BURLINGAME PUBLIC LIBRARY;480 PRIMROSE RD;BURLINGAME;CA;94010; 
BUTTONWILLOW POST OFFICE;121 N. MAIN ST;BUTTONWILLOW;CA;93206;6617645460
CALEXICO POST OFFICE;1101 OLLIE AVE.;CALEXICO;CA;92231;7603570206
CALIMESA CITY HALL;908 PARK AVENUE;CALIMESA;CA;92320;9097959801
CALIMESA POST OFFICE;600 W. AVENUE L;CALIMESA;CA;92320;9097958124
CALISTOGA POST OFFICE;1013 WASHINGTON ST;CALISTOGA;CA;94515;7079426661
CAMP PENDLETON AREA 22 POST OFFICE;22103 USPS BLDG 22103;CAMP PENDLETON;CA;92055;7607254691
CAMPBELL POST OFFICE;500 WEST HAMILTON AVE.;CAMPBELL;CA;95008;4083782026
CAMPO POST OFFICE;951 JEB STUART ROAD;CAMPO;CA;91906;6194785466
CARMEL POST OFFICE;3845 VIA NONA MARIE;CARMEL;CA;93923;8316254412
CALIFORNIA STATE UNIVERSITY-DOMINGUEZ HILLS;1000 E VICTORIA STREET;CARSON;CA;90747;3102432570
CASTROVILLE POST OFFICE;10799 MERRITT ST.;CASTROVILLE;CA;95012;8316332636
CATHEDRAL CITY POST OFFICE;33490 DATE PALM DR;CATHEDRAL CITY;CA;92234;7602028848
CAYUCOS POST OFFICE;97 ASH AVE;CAYUCOS;CA;93430;8059953479
CHICO MIDTOWN STATION;141 W. 5TH ST.;CHICO;CA;95928;5303425048
OFFICE OF INTERNATIONAL EDUCATION CSU, CHICO;400 W 1ST STREET;CHICO;CA;95929;5308986247
CHINO POST OFFICE;5375 WALNUT AVE;CHINO;CA;91708;9093641361
CHINO HILLS CITY CLERKS OFFICE;14000 CITY CENTER DRIVE;CHINO HILLS;CA;91709;9093642607
CHINO HILLS POST OFFICE;14071 PEYTON DR;CHINO HILLS;CA;91709;9095480695
CHOWCHILLA POST OFFICE;135 S 1ST STREET;CHOWCHILLA;CA;93610;5596650380
CHULA VISTA PUBLIC LIBRARY;365 F STREET;CHULA VISTA;CA;91910;6196915069
CHULA VISTA PUBLIC LIBRARY - OTAY RANCH BRANCH;2015 BIRCH RD;CHULA VISTA;CA;91915;6193975740
RANCHO DEL REY STATION POST OFFICE;340 OXFORD STREET;CHULA VISTA;CA;91911;6198622087
CITRUS HEIGHTS POST OFFICE;6330 FOUNTAIN SQUARE DRIVE;CITRUS HEIGHTS;CA;95610;9167251290
INDUSTRY P DC - WINDOW SECT POST OFFICE;15421 EAST GALE AVE;CITY OF INDUSTRY;CA;91715;6268556520
CLAREMONT POST OFFICE;140 HARVARD AVE;CLAREMONT;CA;91711;9096257161
CLAYTON POST OFFICE;6150 CENTER STREET;CLAYTON;CA;94517;9256724337
CLEARLAKE POST OFFICE;14500 OLYMPIC DRIVE;CLEARLAKE;CA;95422;7079946790
COACHELLA POST OFFICE;1412 6TH STREET;COACHELLA;CA;92236;7603988112
COLTON POST OFFICE;265 N. 7TH AVE;COLTON;CA;92324;9098252154
CITY OF COMPTON, CITY CLERKS OFFICE;205 S. WILLOWBROOK AVE;COMPTON;CA;90220;3106055530
COMPTON MAIN POST OFFICE;701 S. SANTA FE AVE;COMPTON;CA;90224;3237742703
CONCORD POST OFFICE;2121 MERIDIAN BLVD.;CONCORD;CA;94520;9252656701
CORCORAN POST OFFICE;917 CHASE AVENUE;CORCORAN;CA;93212;5599924505
CITY OF CORONA - CIRCLE CITY CENTER;365 N MAIN ST;CORONA;CA;92880;9517362386
CORONA MAIN POST OFFICE;414 W. GRAND BLVD;CORONA;CA;92878;9517373120
CORONA PUBLIC LIBRARY;650 S. MAIN STREET;CORONA;CA;92882;9517362386
CORONA DEL MAR POST OFFICE;406 ORCHID AVE;CORONA DEL MAR;CA;92625;9496732989
CORTE MADERA POST OFFICE;7 PIXLEY AVE;CORTE MADERA;CA;94925;4159245056
COSTA MESA POST OFFICE;1590 ADAMS AVE;COSTA MESA;CA;92628;7145465022
MESA CENTER STATION POST OFFICE;2230 FAIRVIEW RD STE C;COSTA MESA;CA;92627;9496462912
COVINA POST OFFICE;545 N. RIMSDALE AVE;COVINA;CA;91722;6269666145
CRESCENT CITY POST OFFICE;751 2ND STREET;CRESCENT CITY;CA;95531;7074642151
CRESTLINE MAIN POST OFFICE;23921 LAKE DRIVE;CRESTLINE;CA;92325;9093385489
CULVER CITY - CITY CLERKS OFFICE;9770 CULVER BLVD;CULVER CITY;CA;90232;3102535851
CUPERTINO LIBRARY;10800 TORRE AVENUE;CUPERTINO;CA;95014;4084461677
CUPERTINO POST OFFICE;21701 STEVENS CREEK BLVD;CUPERTINO;CA;95014;4082523086
CYPRESS POST OFFICE;5762 LINCOLN AVE;CYPRESS;CA;90630;7148282274
CITY OF DALY CITY CITY CLERKS OFFICE;333 90TH STREET;DALY CITY;CA;94015;6509918078
DALY CITY POST OFFICE;1100 SULLIVAN AVE;DALY CITY;CA;94015;6507562304
DANA POINT POST OFFICE;24551 DEL PRADO;DANA POINT;CA;92629;9494962787
DANVILLE POST OFFICE;2605 CAMINO TASSAJARA;DANVILLE;CA;94526;9257360775
UC DAVIS CAMPUS RECREATION AND UNIONS;232 ACTIVITIES AND RECREATION CENTER, ARC;DAVIS;CA;95616;5307525034
DESCANSO POST OFFICE;24680 VIEJAS GRADE STE A;DESCANSO;CA;91916;6194452046
DESERT HOT SPRINGS POST OFFICE;66311 TWO BUNCH PALMS TRAIL;DESERT HOT SPRINGS;CA;92240;7602514448
DIAMOND BAR LIBRARY;21800 COPLEY DRIVE;DIAMOND BAR;CA;91765;9094864978
DOWNEY MAIN POST OFFICE;8111 FIRESTONE BLVD;DOWNEY;CA;90241;5626225745
DUARTE LIBRARY;1301 BUENA VISTA ST.;DUARTE;CA;91010;6263581865
DUARTE POST OFFICE;1220 HIGHLAND AVE;DUARTE;CA;91010;6262566043
PALO ALTO POST OFFICE;2085 E. BAYSHORE RD.;EAST PALO ALTO;CA;94303;6503211423
EASTVALE CITY HALL;12363 LIMONITE AVENUE;EASTVALE;CA;91752;9513610900
EDWARDS POST OFFICE;1000 KINCHELOE AVE;EDWARDS;CA;93523;6612587150
EL CAJON CITY CLERKS OFFICE;200 CIVIC CENTER WAY;EL CAJON;CA;92020;6194411763
EL CAJON MAIN POST OFFICE;401 W. LEXINGTON AVE.;EL CAJON;CA;92020;6195888665
EL CENTRO POST OFFICE;1598 W MAIN STREET;EL CENTRO;CA;92243;7603522872
CITY OF EL CERRITO;10890 SAN PABLO AVE.;EL CERRITO;CA;94530;5102154371
EL GRANADA POST OFFICE;20 AVENUE PORTOLA;EL GRANADA;CA;94018;6507265000
EL MONTE MAIN POST OFFICE;11151 VALLEY BLVD;EL MONTE;CA;91734;6264430704
ELK GROVE LAGUNA POSTAL STORE - PASSPORT CENTER;9105 BRUCEVILLE RD;ELK GROVE;CA;95758;9166838704
ENCINITAS MAIN POST OFFICE;1150 GARDEN VIEW ROAD;ENCINITAS;CA;92024;7607531415
ESCONDIDO MAIN POST OFFICE;1157 WEST MISSION AVE.;ESCONDIDO;CA;92025;7607359507
EUREKA POST OFFICE;337 WEST CLARK;EUREKA;CA;95501;7074421768
FAIRFIELD POST OFFICE;600 KENTUCKY STREET;FAIRFIELD;CA;94533;7074257325
FALLBROOK POST OFFICE;747 S. MISSION ROAD;FALLBROOK;CA;92028;7607282946
FONTANA CITY HALL;8353 SIERRA AVE.;FONTANA;CA;92335;9093507635
FORTUNA POST OFFICE;699 13TH STREET;FORTUNA;CA;95540;7077259307
FOUNTAIN VALLEY POST OFFICE;17227 NEW HOPE ST;FOUNTAIN VALLEY;CA;92728;7149660595
FREMONT POST OFFICE;37010 DUSTERBERRY WAY;FREMONT;CA;94536;5107928655
CALIFORNIA STATE UNIVERSITY, FRESNO;5005 N. MAPLE AVE.;FRESNO;CA;93740;5592780013
FRESNO COUNTY CLERK;2220 TULARE ST, 1ST FLOOR;FRESNO;CA;93721;5596002575
FRESNO DOWNTOWN POST OFFICE;1900 E STREET;FRESNO;CA;93706;5594977675
COMMONWEALTH STATION;202 E. COMMONWEALTH AVE.;FULLERTON;CA;92836;7148792803
FULLERTON MAIN POST OFFICE;1350 E. CHAPMAN AVE;FULLERTON;CA;92834;7145251024
FULLERTON PUBLIC LIBRARY;353 W. COMMONWEALTH AVE.;FULLERTON;CA;92832;7147386333
SUNNYHILLS (FULLERTON) STATION;1820 N. SUNNYCREST DRIVE;FULLERTON;CA;92838;7148716618
GARDEN GROVE MAIN POST OFFICE;10441 STANFORD ST;GARDEN GROVE;CA;92842;7145371181
CITY OF GARDENA;1700 WEST 162ND STREET;GARDENA;CA;90247;3102179500
GILROY MAIN POST OFFICE;100 4TH ST.;GILROY;CA;95020;4088421354
GLENDALE MAIN POST OFFICE;313 E. BROADWAY;GLENDALE;CA;91209;8182659214
GLENDORA CITY CLERKS DEPARTMENT;116 E. FOOTHILL BLVD;GLENDORA;CA;91741;6269148210
GLENDORA POST OFFICE;255 S. GLENDORA AVE;GLENDORA;CA;91740;6268579127
GROVELAND POST OFFICE;18737 BACK ST.;GROVELAND;CA;95321;2099627102
GROVER BEACH POST OFFICE;917 GRAND AVE.;GROVER BEACH;CA;93433;8054895138
GUALALA POST OFFICE;39225 S HIGHWAY 1;GUALALA;CA;95445;7078843759
GUASTI POST OFFICE;323 N. TURNER AVE;GUASTI;CA;91743;9099376749
HALF MOON BAY POST OFFICE;500 STONE PINE ROAD;HALF MOON BAY;CA;94019;6507264015
KINGS COUNTY ASSESSORS OFFICE;1400 W. LACEY BLVD.;HANFORD;CA;93230;5598522486
KINGS COUNTY ELECTIONS;1400 W. LACEY BLVD;HANFORD;CA;93230;5598524401
HAWTHORNE MAIN POST OFFICE;12700 INGLEWOOD AVE.;HAWTHORNE;CA;90250;3106762287
HAYWARD CITY CLERK;777 B STREET;HAYWARD;CA;94541;5105834400
HAYWARD POST OFFICE;24438 SANTA CLARA STREET;HAYWARD;CA;94544;5107802254
HEALDSBURG MAIN POST OFFICE;160 FOSS CREEK CIRCLE;HEALDSBURG;CA;95448;7074339276
HEMET POST OFFICE;324 S. STATE STREET;HEMET;CA;92543;9516585865
HEMET PUBLIC LIBRARY;300 E. LATHAM AVE;HEMET;CA;92543;9517652440
HESPERIA POST OFFICE;17240 OLIVE STREET;HESPERIA;CA;92345;7602443897
HOLLISTER POST OFFICE;100 MAPLE STREET;HOLLISTER;CA;95023;8316375633
SAN BENITO COUNTY FREE LIBRARY;470 FIFTH ST.;HOLLISTER;CA;95023;8316364107
HOLTVILLE POST OFFICE;520 FERN AVE;HOLTVILLE;CA;92250;7603565200
HOMELAND POST OFFICE;31610 US HWY 74;HOMELAND;CA;92548;9519261536
BEACH CENTER STATION POST OFFICE;316 OLIVE AVE;HUNTINGTON BEACH;CA;92648;7145364973
HUNTINGTON BEACH CITY CLERKS OFFICE;2000 MAIN STREET;HUNTINGTON BEACH;CA;92648;7143741612
HUNTINGTON BEACH MAIN POST OFFICE;6771 WARNER AVE;HUNTINGTON BEACH;CA;92647;7148434200
HUNTINGTON PARK MAIN POST OFFICE;6606 SEVILLE AVE;HUNTINGTON PARK;CA;90255;3235855942
IDYLLWILD POST OFFICE;54391 VILLAGE CENTER DRIVE;IDYLLWILD;CA;92549;9516591969
IMPERIAL POST OFFICE;116 NORTH IMPERIAL AVE.;IMPERIAL;CA;92251;7603554966
INDIO MAIN POST OFFICE;45805 FARGO STREET;INDIO;CA;92201;7603472092
INGLEWOOD PUBLIC LIBRARY;101 W. MANCHESTER BLVD.;INGLEWOOD;CA;90301;3104125304
INYOKERN POST OFFICE;6504 LOCUST AVENUE;INYOKERN;CA;93527;7603775125
HARVEST STATION - IRVINE POST OFFICE;17192 MURPHY AVE;IRVINE;CA;92623;9494740292
IRVINE MAIN POST OFFICE;15642 SAND CANYON AVE;IRVINE;CA;92619;9494534910
NORTHWOOD STATION POST OFFICE;1 LEAGUE;IRVINE;CA;92602;7143683374
UC IRVINE -  PASSPORT APPLICATION ACCEPTANCE;19182 JAMBOREE RD;IRVINE;CA;92612;9498245100
CITY OF IRWINDALE CITY HALL;5050 N. IRWINDALE AVENUE;IRWINDALE;CA;91706;6264302202
JACKSON POST OFFICE;424 SUTTER ST;JACKSON;CA;95642;2092237720
JAMUL POST OFFICE;13961 CAMPO ROAD;JAMUL;CA;91935;6196690864
RUBIDOUX POST OFFICE;8082 LIMONITE BLVD SUITE 1;JURUPA VALLEY;CA;92509;9517278345
KENWOOD MPO;8930 SONOMA HIGHWAY;KENWOOD;CA;95452;7078335322
CIVIC CENTER LA HABRA FINANCE STATION POST OFFICE;200 N. EUCLID ST.;LA HABRA;CA;90631;7149920580
LA HABRA POST OFFICE;1001 W. IMPERIAL HWY.;LA HABRA;CA;90631;7149920580
UCSD STUDENT SERVICES CENTER (SSC);402 MYERS DRIVE,;LA JOLLA;CA;92093;8582462620
UNIVERSITY OF CALIFORNIA SAN DIEGO;GREENHOUSE LANE;LA JOLLA;CA;92093;8582465247
CITY OF LA MIRADA;13700 LA MIRADA BLVD;LA MIRADA;CA;90638;5629430131
LA MIRADA POST OFFICE;14901 ADELFA DRIVE;LA MIRADA;CA;90638;7145211097
LA PUENTE COMMUNITY CENTER;501 N. GLENDORA AVE;LA PUENTE;CA;91744;6268551560
LA PUENTE POST OFFICE;15310 ELLIOT AVE;LA PUENTE;CA;91747;6263695301
LA QUINTA POST OFFICE;79125 CORPORATE CENTER DRIVE;LA QUINTA;CA;92253;7607712900
LA VERNE CITY CLERKS OFFICE;3660 D STREET;LA VERNE;CA;91750;9095968726
LA VERNE POST OFFICE;3355 N. WHITE AVENUE;LA VERNE;CA;91750;9093924681
LAFAYETTE POST OFFICE;3641 MT. DIABLO BLVD;LAFAYETTE;CA;94549;9252838229
LAGUNA HILLS BRANCH POST OFFICE;24001 CALLE DE LA MAGDALENA;LAGUNA HILLS;CA;92654;9498371848
ORANGE COUNTY CLERK-RECORDER LAGUNA HILLS;24031 EL TORO RD.;LAGUNA HILLS;CA;92653;9497072115
LAGUNA BEACH POST OFFICE;29911 NIGUEL ROAD;LAGUNA NIGUEL;CA;92607;9494951902
LAKE ARROWHEAD POST OFFICE;28150 HIGHWAY 189;LAKE ARROWHEAD;CA;92352;9093372673
CITY OF LAKE ELSINORE;130 SOUTH MAIN STREET;LAKE ELSINORE;CA;92530;9516743124
LAKE ELSINORE POST OFFICE;500 W. GRAHAM AVE.;LAKE ELSINORE;CA;92530;9516749726
EL TORO POST OFFICE;24552 RAYMOND WAY;LAKE FOREST;CA;92630;9498371976
LAKE FOREST CITY CLERKS OFFICE;100 CIVIC CENTER DRIVE;LAKE FOREST;CA;92630;9494613420
LAKE HUGHES POST OFFICE;16817 ELIZABETH LAKE ROAD;LAKE HUGHES;CA;93532;6617249281
LAKE ISABELLA POST OFFICE;6441 LAKE ISABELLA BLVD;LAKE ISABELLA;CA;93240;7603798755
LAKEPORT MPO;1151 11TH STREET;LAKEPORT;CA;95453;7072635837
LAKESIDE POST OFFICE;12515 WOODSIDE AVE.;LAKESIDE;CA;92040;6194435280
LAMONT POST OFFICE;11940 MAIN STREET;LAMONT;CA;93241;6618451031
LANCASTER CITY CLERKS OFFICE;44933 FERN AVENUE;LANCASTER;CA;93534;6617236000
LANCASTER LIBRARY;601 W. LANCASTER BLVD.;LANCASTER;CA;93534;6619485029
LAWNDALE POST OFFICE;4320 MARINE AVENUE;LAWNDALE;CA;90260;3106799804
CITY OF LEMON GROVE;3232 MAIN STREET;LEMON GROVE;CA;91945;6198253800
LINDSAY POST OFFICE;262 E. HONOLULU STREET;LINDSAY;CA;93247;5595629295
LITTLEROCK POST OFFICE;7765 PEARBLOSSOM HIGHWAY;LITTLEROCK;CA;93543;6619444002
LIVERMORE POST OFFICE;220 SOUTH LIVERMORE AVENUE;LIVERMORE;CA;94550;9254470813
LODI POST OFFICE;120 S. SCHOOL ST.;LODI;CA;95240;2093692351
LOMA LINDA POST OFFICE;25925 BARTON RD.;LOMA LINDA;CA;92354;9094780488
LOMITA POST OFFICE;25131 NARBONNE AVE.;LOMITA;CA;90717;3103268280
LOMPOC - ANDERSON RECREATION CENTER;125 WEST WALNUT AVE.;LOMPOC;CA;93436;8058758100
CSULB - U.S. PASSPORT APPLICATION ACCEPTANCE OFFICE;1250 N. BELLFLOWER BLVD. BH 250;LONG BEACH;CA;90840;5629857790
LONG BEACH CITY CLERKS OFFICE;411 W. OCEAN BLVD.;LONG BEACH;CA;90802;5625706101
SIGNAL HILL STATION;2371 GRAND AVE;LONG BEACH;CA;90815;5624942296
LOS ALAMOS POST OFFICE;497 BELL STREET;LOS ALAMOS;CA;93440;8053443602
LOS ALTOS LIBRARY;13 S. SAN ANTONIO RD.;LOS ALTOS;CA;94022;6509487683
LOYOLA CORNER LOS ALTOS PO;1525 MIRAMONTE AVE;LOS ALTOS;CA;94024;6509600817
AIRPORT FINANCE STATION POST OFFICE;9029 AIRPORT BLVD;LOS ANGELES;CA;90009;3106497400
BARRINGTON KARL MALDEN STATION;200 S. BARRINGTON AVE;LOS ANGELES;CA;90049;3104764057
BICENTENNIAL STATION POST OFFICE;7610 BEVERLY BLVD;LOS ANGELES;CA;90048;3239335953
DOCKWEILER STATION POST OFFICE;3585 S. VERMONT AVE;LOS ANGELES;CA;90007;3237319458
EAGLE ROCK STATION POST OFFICE;7435 N. FIGUEROA ST;LOS ANGELES;CA;90041;3232546033
EAST LOS ANGELES LIBRARY;4837 E. 3RD STREET;LOS ANGELES;CA;90022;3232640155
EAST LOS ANGELES POST OFFICE;975 S ATLANTIC;LOS ANGELES;CA;90022;3232682643
EDENDALE STATION POST OFFICE;1525 N. ALVARADO ST;LOS ANGELES;CA;90026;2134132964
HANCOCK/JOHN MARSHALL STATION POST OFFICE;8200 S. VERMONT AVE.;LOS ANGELES;CA;90044;3237580261
HOLLYWOOD STATION POST OFFICE;1615 N WILCOX AVE.;LOS ANGELES;CA;90028;3234642355
JULIAN DIXON STATION POST OFFICE;5472 CRENSHAW BLVD;LOS ANGELES;CA;90043;3232910587
LOS ANGELES MAIN POST OFFICE;7101 S. CENTRAL AVE;LOS ANGELES;CA;90001;3235861476
LOS FELIZ STATION POST OFFICE;1825 N. VERMONT AVE;LOS ANGELES;CA;90027;3236601133
NAT KING COLE STATION POST OFFICE;265 S. WESTERN AVE.;LOS ANGELES;CA;90004;2133834806
PREUSS STATION POST OFFICE;1270 S. ALFRED ST;LOS ANGELES;CA;90035;3236552853
RAY CHARLES STATION WEST ADAMS POST OFFICE;4960 W. WASHINGTON BLVD.;LOS ANGELES;CA;90016;3239331471
SANFORD-DOSAN AHN CHANG HO STATION POST OFFICE;3751 W. 6TH STREET;LOS ANGELES;CA;90020;2133821076
SUNSET STATION POST OFFICE;1425 NORTH CHEROKEE AVENUE;LOS ANGELES;CA;90093;3234604830
WAGNER BRANCH POST OFFICE;2200 W. CENTURY BLVD.;LOS ANGELES;CA;90047;3237567853
LOS BANOS POST OFFICE;1135 6TH STREET;LOS BANOS;CA;93635;2098262591
LOS GATOS POST OFFICE;101 S SANTA CRUZ AVE;LOS GATOS;CA;95030;4083545801
LOS OLIVOS POST OFFICE;2880 GRAND AVE;LOS OLIVOS;CA;93441;8056880849
LUCERNE VALLEY POST OFFICE;10418 HIGHLAND AVE;LUCERNE VALLEY;CA;92356;7602482882
LYNWOOD PUBLIC LIBRARY;11320 BULLIS ROAD;LYNWOOD;CA;90262;3106357121
MALIBU CITY HALL;23825 STUART RANCH ROAD;MALIBU;CA;90265;3104562489
POINT DUME STATION;29160 HEATHERCLIFF RD;MALIBU;CA;90265;3104578617
MARINA POST OFFICE;3100 DEFOREST ROAD;MARINA;CA;93933;8313848472
MARIPOSA COUNTY CLERK;4982 10TH STREET;MARIPOSA;CA;95338;2099662007
ALPINE COUNTY CLERK;99 WATER STREET;MARKLEEVILLE;CA;96120;5306942281
MARTINEZ POST OFFICE;4100 ALHAMBRA AVENUE;MARTINEZ;CA;94553;9252282722
MCARTHUR POST OFFICE;44160 STATE HIGHWAY  299 E.;MCARTHUR;CA;96056;5303365441
MCFARLAND POST OFFICE;633 2ND STREET;MCFARLAND;CA;93250;6617922335
MECCA POST OFFICE;91307 2ND ST;MECCA;CA;92254;7603963214
MENDOCINO MPO;10500 FORD STREET;MENDOCINO;CA;95460;7079375282
MENTONE POST OFFICE;1842 MENTONE BLVD;MENTONE;CA;92359;9097940625
MERCED COUNTY REGISTRAR OF VOTERS;2222 M STREET;MERCED;CA;95340;2093857541
MILL VALLEY MPO;751 E. BLITHEDALE AVENUE;MILL VALLEY;CA;94941;4153888928
MILLBRAE POST OFFICE;501 BROADWAY;MILLBRAE;CA;94030;6506973214
MILPITAS CITY CLERK;455 E. CALAVERAS BLVD.;MILPITAS;CA;95035;4085863005
MILPITAS LIBRARY;160 NORTH MAIN STREET;MILPITAS;CA;95035;4082621171
MILPITAS MAIN POST OFFICE;450 SOUTH ABEL ST.;MILPITAS;CA;95035;4082620860
MISSION VIEJO LIBRARY;100 CIVIC CENTER;MISSION VIEJO;CA;92691;9498307100
SAN JUAN CAPISTRANO POST OFFICE;28081 MARGUERITE PARKWAY;MISSION VIEJO;CA;92690;9493649606
MODESTO LIBRARY;1500 I ST.;MODESTO;CA;95354;2095587861
MODESTO PARADISE STATION;1717 PARADISE RD.;MODESTO;CA;95358;2095740160
STANISLAUS COUNTY CLERK;1021 I STREET;MODESTO;CA;95354;2095255269
MONROVIA COMMUNITY CENTER;119 W. PALM AVE;MONROVIA;CA;91016;6269325598
MONTCLAIR POST OFFICE;5186 BENITO STREET;MONTCLAIR;CA;91763;9096245438
MONTEBELLO MAIN POST OFFICE;145 N. 5TH STREET;MONTEBELLO;CA;90640;3237282249
MONTEREY POST OFFICE;565 HARTNELL STREET;MONTEREY;CA;93940;8313723021
MONTEREY PARK BRUGGEMEYER LIBRARY;318 S. RAMONA AVE;MONTEREY PARK;CA;91754;6263071357
MONTEREY PARK CITY CLERKS OFFICE;320 W. NEWMARK AVE;MONTEREY PARK;CA;91754;6263071361
MONTEREY PARK POST OFFICE;245 W. GARVEY AVE;MONTEREY PARK;CA;91754;6262882764
MORAGA POST OFFICE;460 CENTER STREET;MORAGA;CA;94556;9253207631
MORENO VALLEY MAIN POST OFFICE;23580 ALESSANDRO BLVD.;MORENO VALLEY;CA;92553;9516569720
MORGAN HILL CITY CLERK;17575 PEAK AVENUE;MORGAN HILL;CA;95037;4087797259
MORGAN HILL POST OFFICE;16600 MONTEREY ROAD;MORGAN HILL;CA;95037;4087780644
MORONGO VALLEY POST OFFICE;49649 29 PALMS HWY.;MORONGO VALLEY;CA;92256;7603637354
MOUNTAIN VIEW POST OFFICE;211 HOPE STREET;MOUNTAIN VIEW;CA;94041;6502827940
CITY OF MURRIETA CITY HALL;1 TOWN SQUARE;MURRIETA;CA;92562;9513042489
MURRIETA CARRIER ANNEX POST OFFICE;39571 LOS ALAMOS ROAD;MURRIETA;CA;92563;9513042448
NAPA POST OFFICE;1625 TRANCAS STREET;NAPA;CA;94558;7072550190
NEEDLES POST OFFICE;628 3RD STREET;NEEDLES;CA;92363;7603262696
NEWARK PO;6655 CLARK AVENUE;NEWARK;CA;94560;5107970903
NEWBERRY SPRINGS POST OFFICE;31411 NEWBERRY ROAD;NEWBERRY SPRINGS;CA;92365;7602573264
NEWPORT BEACH MAIN POST OFFICE;1133 CAMELBACK STREET;NEWPORT BEACH;CA;92658;9496444512
NEWPORT BEACH PUBLIC LIBRARY;1000 AVOCADO AVE.;NEWPORT BEACH;CA;92660;9497173831
NILAND POST OFFICE;8108 HWY 111;NILAND;CA;92257;7603593138
NORCO POST OFFICE;1801 TOWN AND COUNTRY DRIVE;NORCO;CA;92860;9518084681
NORTH PALM SPRINGS POST OFFICE;64117 DILLON ROAD;NORTH PALM SPRINGS;CA;92258;7602517569
NORWALK CITY HALL;12700 NORWALK BLVD;NORWALK;CA;90650;5629295720
NORWALK MAIN POST OFFICE;14011  CLARKDALE AVE;NORWALK;CA;90650;5628689408
NOVATO POST OFFICE;1537 S NOVATO BLVD.;NOVATO;CA;94947;4158988799
NUEVO POST OFFICE;29245 LAKEVIEW AVE.;NUEVO;CA;92567;9519284876
OAKHURST POST OFFICE;40064 HWY 49;OAKHURST;CA;93644;5596586862
AIRPORT POST OFFICE;8495 PARDEE DR.;OAKLAND;CA;94614;5102513104
ALAMEDA COUNTY LAW LIBRARY;125 12TH ST;OAKLAND;CA;94607;5102726483
NORTH OAKLAND POST OFFICE;4900 SHATTUCK AVE.;OAKLAND;CA;94609;5109852759
OAKLAND CIVIC CENTER POST OFFICE;201 13TH STREET;OAKLAND;CA;94612;5106227412
OAKLAND MAIN POST OFFICE;1675 7TH STREET;OAKLAND;CA;94615;5108748652
OFFICE OF THE CITY CLERK, CITY OF OAKLAND;1 FRANK H. OGAWA PLAZA;OAKLAND;CA;94612;5102383226
PIEDMONT POST OFFICE;195 41ST STREET;OAKLAND;CA;94611;5102513393
OAKLEY CITY CLERK;3231 MAIN STREET;OAKLEY;CA;94561;9256257000
OAKLEY POST OFFICE;400 DEL ANTICO AVE;OAKLEY;CA;94561;9256257594
OCEANO POST OFFICE;1800 BEACH ST;OCEANO;CA;93445;8054896515
OCEANSIDE MAIN POST OFFICE;1895 AVENIDA DEL ORO;OCEANSIDE;CA;92056;7608063866
CITY OF ONTARIO CITY HALL;303 EAST B STREET;ONTARIO;CA;91764;9093952009
ONTARIO MAIN POST OFFICE;1555 E. HOLT BLVD;ONTARIO;CA;91761;9099333837
ORANGE CITY CLERKS OFFICE;300 E. CHAPMAN AVENUE;ORANGE;CA;92866;7147445510
ORANGE POST OFFICE;1075 NORTH TUSTIN STREET;ORANGE;CA;92863;7149971889
ORINDA POST OFFICE;29 ORINDA WAY;ORINDA;CA;94563;9252546240
BUTTE COUNTY ELECTIONS OFFICE;155 NELSON AVE;OROVILLE;CA;95965;5305523400
OXNARD POST OFFICE;1961 N. C STREET;OXNARD;CA;93036;8052787615
PACIFIC GROVE POST OFFICE;680 LIGHTHOUSE AVE;PACIFIC GROVE;CA;93950;8313732271
PACIFIC PALISADES POSTAL STORE;15343 LA CRUZ DRIVE;PACIFIC PALISADES;CA;90272;3104540956
PACIFICA POST OFFICE;50 W. MANOR DR;PACIFICA;CA;94044;6503551280
PALM DESERT POST OFFICE (NORTHSIDE STATION);74801 HOVLEY LANE E.;PALM DESERT;CA;92260;7608379525
PALM SPRINGS MAIN POST OFFICE;333 E. AMADO ROAD;PALM SPRINGS;CA;92262;760322411
PALOS VERDES PENINSULA POST OFFICE;955 DEEP VALLEY DR;PALOS VERDES;CA;90274;3105410624
MALAGA COVE LIBRARY;2400 VIA CAMPASINA;PALOS VERDES ESTATES;CA;90247;3103779584
PARAMOUNT MAIN POST OFFICE;7200 SOMERSET BLVD.;PARAMOUNT;CA;90723;5626348097
PASO ROBLES POST OFFICE;800 6TH STREET;PASO ROBLES;CA;93446;8052378342
PATTON POST OFFICE;2592 E. HIGHLAND AVENUE;PATTON;CA;92369;9098631547
PERRIS POST OFFICE;778 S REDLANDS BLVD;PERRIS;CA;92570;9519433535
NORTH BAY PDC FINANCE STATION;1150 N. MCDOWELL BLVD.;PETALUMA;CA;94999;7077785212
PHELAN POST OFFICE;9782 CLOVIS ROAD;PHELAN;CA;92371;8008019801
PICO RIVERA MAIN POST OFFICE;6320 PASSONS BLVD.;PICO RIVERA;CA;90660;5629420168
PINE VALLEY POST OFFICE;28858 OLD HIGHWAY 80;PINE VALLEY;CA;91962;6194738680
PINOLE POST OFFICE;2101 PEAR STREET;PINOLE;CA;94564;5107413056
PINON HILLS POST OFFICE;10353 OASIS ROAD;PINON HILLS;CA;92372;7608683493
PISMO BEACH POST OFFICE;100 CREST DRIVE;PISMO BEACH;CA;93449;8054815971
PITTSBURG POST OFFICE;835 RAILROAD AVENUE;PITTSBURG;CA;94565;9254324079
PIXLEY POST OFFICE;570 S. MAIN ST.;PIXLEY;CA;93256;5597573830
PLACENTIA LIBRARY DISTRICT;411 E. CHAPMAN AVE.;PLACENTIA;CA;92870;7145281906
PLACENTIA POST OFFICE;1400 N. KRAEMER BLVD;PLACENTIA;CA;92871;7149931163
PLACERVILLE POST OFFICE;3045 SACRAMENTO ST.;PLACERVILLE;CA;95667;5306225174
CITY OF PLEASANTON CITY CLERK;123 MAIN STREET;PLEASANTON;CA;94566;9259315027
PLEASANTON POST OFFICE;4300 BLACK AVE;PLEASANTON;CA;94566;9258463254
CITY OF POMONA - OFFICE OF THE CITY CLERK;505 S. GAREY AVE;POMONA;CA;91766;9096202341
POMONA MAIN POST OFFICE;580 W. MONTEREY AVE;POMONA;CA;91769;9098651267
PORTERVILLE ADMINISTRATIVE SERVICES DEPARTMENT;291 NORTH MAIN STREET;PORTERVILLE;CA;93257;5597827441
PLUMAS COUNTY TREASURER/TAX COLLECTOR;520 WEST MAIN ST.;QUINCY;CA;95971;5302836260
RAMONA POST OFFICE;1444 MAIN STREET;RAMONA;CA;92065;7607893118
ARCHIBALD LIBRARY;7368 ARCHIBALD AVENUE;RANCHO CUCAMONGA;CA;91730;9097743987
PAUL A. BIANE LIBRARY;12505 CULTURAL CENTER DRIVE;RANCHO CUCAMONGA;CA;91739;9097743987
RANCHO CUCAMONGA POST OFFICE;10950 ARROW ROUTE;RANCHO CUCAMONGA;CA;91730;9094832184
RANCHO MIRAGE POST OFFICE;42222 RANCHO LAS PALMAS DRIVE;RANCHO MIRAGE;CA;92270;7603467859
MIRALESTE LIBRARY;29089 PALOS VERDES DR. EAST;RANCHO PALOS VERDES;CA;90275;3103779584
RANCHO SANTA MARGARITA CITY HALL;22112 EL PASEO;RANCHO SANTA MARGARITA;CA;92688;9496351819
SANTA MARGARITA RETAIL STORE;29862 AVENIDA DE LAS BANDERAS;RANCHO SANTA MARGARITA;CA;92688;9498881533
TEHAMA COUNTY ELECTIONS;633 WASHINGTON ST;RED BLUFF;CA;96080;5305278190
REDDING POST OFFICE;2323 CHURN CREEK ROAD;REDDING;CA;96049;5302237523
SHASTA COUNTY CLERK;1643 MARKET STREET;REDDING;CA;96001;5302255730
REDLANDS - LUGONIA STATION POST OFFICE;404 NEW YORK ST;REDLANDS;CA;92373;9097938075
REDLANDS MAIN OFFICE;201 BROOKSIDE AVE;REDLANDS;CA;92373;9097938075
CITY OF REDONDO BEACH COMMUNITY SERVICES;1922 ARTESIA BLVD;REDONDO BEACH;CA;90278;3103180610
REDONDO BEACH MAIN POST OFFICE;1201 N. CATALINA AVE;REDONDO BEACH;CA;90277;3103763252
REDWAY MPO;3400 REDWOOD DRIVE;REDWAY;CA;95560;7079233784
REDWOOD CITY MAIN POST OFFICE;1100 BROADWAY;REDWOOD CITY;CA;94063;6503681482
SAN MATEO COUNTY CLERK;555 COUNTY CENTER;REDWOOD CITY;CA;94063;6503634500
RIALTO CITY CLERKS OFFICE;290 W. RIALTO AVE;RIALTO;CA;92376;9098202519
CITY OF RICHMOND CITY CLERKS OFFICE;450 CIVIC CENTER PLAZA;RICHMOND;CA;94804;5106206786
RICHMOND POST OFFICE;1025 NEVIN AVE;RICHMOND;CA;94801;5102323937
RIO DELL POST OFFICE;315 WILDWOOD AVE;RIO DELL;CA;95562;7077643772
ARLINGTON STATION;10275 HOLE AVE;RIVERSIDE;CA;92503;9516890165
CITY OF RIVERSIDE - CITY CLERKS OFFICE;3025 MADISON STREET;RIVERSIDE;CA;92504;9518265557
DOWNTOWN RIVERSIDE POST OFFICE;3890 ORANGE STREET;RIVERSIDE;CA;92501;9516821050
RIVERSIDE MAIN POST OFFICE;4150 CHICAGO AVE;RIVERSIDE;CA;92507;9517884058
RODEO POST OFFICE;499 PARKER AVE;RODEO;CA;94572;5107995015
ROHNERT PARK POST OFFICE;150 RALEYS TOWNE CENTER;ROHNERT PARK;CA;94928;7075865412
PALOS VERDES LIBRARY DISTRICT;701 SILVER SPUR ROAD;ROLLING HILLS ESTATES;CA;90274;3103779584
CITY OF ROSEMEAD;8838 E. VALLEY BLVD;ROSEMEAD;CA;91770;6265692100
ROSEMEAD POST OFFICE;8845 E. VALLEY BLVD;ROSEMEAD;CA;91770;6262863041
CITY OF ROSEVILLE CITY CLERK;316 VERNON STREET, SUITE 190;ROSEVILLE;CA;95678;9167745399
RUNNING SPRINGS POST OFFICE;2641 PALO ALTO WAY;RUNNING SPRINGS;CA;92382;9098677278
RUTHERFORD POST OFFICE;1190 RUTHERFORD ROAD;RUTHERFORD;CA;94573;7079637488
CALIFORNIA STATE UNIVERSITY, SACRAMENTO;6000 J STREET;SACRAMENTO;CA;95819;9162784888
SACRAMENTO COUNTY PUBLIC LAW LIBRARY;609 9TH STREET;SACRAMENTO;CA;95814;9168745625
SACRAMENTO MAIN POST OFFICE;2000 ROYAL OAKS DRIVE;SACRAMENTO;CA;95813;9162637020
SACRAMENTO PUBLIC LIBRARY;828 I STREET;SACRAMENTO;CA;95814;9162642920
NICK BLOM SALIDA REGIONAL LIBRARY;4835 SISK RD;SALIDA;CA;95368;2095437353
STEINBECK STATION POST OFFICE;100 WEST ALISAL STREET;SALINAS;CA;93901;8317589202
SAN BERNARDINO P DC POST OFFICE;1900 W. REDLANDS BLVD;SAN BERNARDINO;CA;92403;9093354462
SAN BRUNO MPO;1300 HUNTINGTON AVENUE;SAN BRUNO;CA;94066;6505881659
SKYLINE COLLEGE PASSPORT ACCEPTANCE SERVICES;3300 COLLEGE DRIVE;SAN BRUNO;CA;94066;6507384252
SAN CARLOS POST OFFICE;809 LAUREL STREET;SAN CARLOS;CA;94070;6502320703
RANCHO SAN CLEMENTE STATION;905 CALLE NEGOCIO;SAN CLEMENTE;CA;92673;9493699392
SAN CLEMENTE POST OFFICE;520 E. AVENIDA PICO;SAN CLEMENTE;CA;92672;9494923965
CARMEL MOUNTAIN POSTAL STORE;11251RANCHO CARMEL DR.;SAN DIEGO;CA;92128;8586740205
COLLEGE GROVE POSTAL STORE;3426 COLLEGE AVE;SAN DIEGO;CA;92115;6195839486
OTAY MESA CARRIER ANNEX POST OFFICE;2960 FERN AVENUE;SAN DIEGO;CA;92154;6194298414
RANCHO BERNARDO POSTAL STORE;16767 BERNARDO CENTER DT;SAN DIEGO;CA;92128;8586744067
RIVERFRONT CARRIER ANNEX;2600 CAMINO DEL RIO, NORTH;SAN DIEGO;CA;92108;6192962661
SAN DIEGO CITY CLERK;202 C STREET;SAN DIEGO;CA;92101;6195334000
SAN DIEGO CO CLERK OF THE BOARD OF SUPERVISORS;1600 PACIFIC HIGHWAY ROOM 402;SAN DIEGO;CA;92101;6195315500
SDSU INTERNATIONAL STUDENT CENTER - PASSPORT OFFICE;1261 CANYON CREST DRIVE;SAN DIEGO;CA;92115;6195943800
UNIVERSITY CITY FINANCE POST OFF - SAN DIEGO;3298 GOVERNOR DRIVE;SAN DIEGO;CA;92122;8584530121
SAN DIMAS MAIN POST OFFICE;300 E. BONITA AVE;SAN DIMAS;CA;91773;9095990651
EXCELSIOR STATION POST OFFICE;15 ONONDAGA AVENUE;SAN FRANCISCO;CA;94112;4153341057
MARINA STATION;2055 LOMBARD ST.;SAN FRANCISCO;CA;94123;4153512186
NOE VALLEY STATION;4083 24TH STREET;SAN FRANCISCO;CA;94114;4158213863
SAN FRANCISCO P/DC FINANCE;1300 EVANS LN.;SAN FRANCISCO;CA;94188;4155505245
CITY OF SAN GABRIEL - COMMUNITY SERVICES DEPARTMENT;250 S. MISSION DRIVE;SAN GABRIEL;CA;91776;6263082875
SAN GABRIEL POST OFFICE;120 S. DEL MAR AVE;SAN GABRIEL;CA;91778;6262877014
SAN JACINTO POST OFFICE;315 E. ESPLANADE AVE;SAN JACINTO;CA;92583;9516540851
EASTRIDGE STATION;2200 EASTRIDGE LOOP;SAN JOSE;CA;95122;4082702368
ROBERTSVILLE STATION POST OFFICE;1175 BRANHAM LANE;SAN JOSE;CA;95118;4082649317
SANTA CLARA COUNTY CLERK-RECORDER S OFFICE;70 WEST HEDDING ST;SAN JOSE;CA;95110;4082995688
WILLOW GLEN STATION;1750 MERIDIAN AVE;SAN JOSE;CA;95125;4087236145
SAN LEANDRO POST OFFICE;1777 ABRAMS CT;SAN LEANDRO;CA;94577;5104832785
SAN LUIS OBISPO POST OFFICE;1655 DALIDIO DRIVE;SAN LUIS OBISPO;CA;93401;8055432605
SAN LUIS OBISPO PUBLIC LIBRARY;995 PALM STREET;SAN LUIS OBISPO;CA;93401;8057815991
SAN MARCOS POST OFFICE;420 N. TWIN OAKS VALLEY RD;SAN MARCOS;CA;92069;7607442998
CROWELL PUBLIC LIBRARY;1890 HUNTINGTON DRIVE;SAN MARINO;CA;91108;6263000777
SAN MATEO POST OFFICE;1630 SOUTH DELAWARE STREET;SAN MATEO;CA;94402;6503588490
SAN MATEO PUBLIC LIBRARY;55 WEST 3RD AVENUE;SAN MATEO;CA;94402;6505227868
SAN PEDRO MAIN OFFICE;839 S. BEACON;SAN PEDRO;CA;90731;3108310264
SAN RAFAEL POST OFFICE;40 BELLAM BLVD;SAN RAFAEL;CA;94901;4154571945
SAN RAMON CITY CLERK;7000 BOLLINGER CANYON RD;SAN RAMON;CA;94583;9259732539
SAN RAMON POST OFFICE;12935 ALCOSTA BLVD.;SAN RAMON;CA;94583;9252771081
NORTH GRAND POST OFFICE;2201 N. GRAND AVE;SANTA ANA;CA;92711;7146676734
ORANGE COUNTY CLERKS OFFICE;211 W. SANTA ANA BLVD;SANTA ANA;CA;92702;7148342588
SANTA ANA P AND DC CENTER POST OFFICE;3101 W. SUNFLOWER AVE;SANTA ANA;CA;92799;7146626474
SPURGEON STATION POST OFFICE;615 N. BUSH STREET;SANTA ANA;CA;92701;7149737721
SANTA BARBARA MAIN POST OFFICE;836 ANACAPA STREET;SANTA BARBARA;CA;93102;8055642270
UCSB DEPARTMENT OF RECREATION;516 OCEAN ROAD;SANTA BARBARA;CA;93117;8058933552
MISSION STATION POST OFFICE;1050 KIELY BLVD;SANTA CLARA;CA;95051;4082430128
SANTA CLARA POST OFFICE AGNEW STATION;4601 LAFAYETTE STREET;SANTA CLARA;CA;95054;4089886477
CASTAIC PASSPORT MEGA SITE;28201 FRANKLIN PARKWAY;SANTA CLARITA;CA;91383;6617757171
SANTA CLARITA LIBRARY - CANYON COUNTRY JO ANNE DARCY LIBRARY;18601 SOLEDAD CANYON RD;SANTA CLARITA;CA;91351;6612590750
SANTA CLARITA OLD TOWN NEWHALL LIBRARY;24500 MAIN ST.;SANTA CLARITA;CA;91321;6612590750
BAY TREE BOOKSTORE - UCSC;1156 HIGH STREET;SANTA CRUZ;CA;95064;8314594544
SANTA CRUZ COUNTY CLERK;701 OCEAN STREET;SANTA CRUZ;CA;95060;8314542060
SANTA CRUZ POST OFFICE;850 FRONT STREET;SANTA CRUZ;CA;95060;8314260144
SANTA FE SPRINGS POST OFFICE;11760 TELEGRAPH RD;SANTA FE SPRINGS;CA;90670;5628680951
SANTA MARGARITA POST OFFICE;22360 EL CAMINO REAL;SANTA MARGARITA;CA;93453;8054383950
CITY OF SANTA MARIA PUBLIC LIBRARY;421 S. MCCLELLAND STREET;SANTA MARIA;CA;93454;8059250994
SANTA MARIA MAIN POST OFFICE;201 E. BATTLES ROAD;SANTA MARIA;CA;93454;8059220321
SANTA MONICA CITY CLERKS OFFICE;1685 MAIN ST.;SANTA MONICA;CA;90401;3104588211
SANTA MONICA MAIN POST OFFICE;1653 7TH STREET;SANTA MONICA;CA;90401;3102550446
SANTA ROSA POST OFFICE;730 2ND STREET;SANTA ROSA;CA;95404;7075288768
SONOMA COUNTY PUBLIC LAW LIBRARY;2604 VENTURA AVE;SANTA ROSA;CA;95403;7075652668
CITY OF SANTEE, CITY CLERKS OFFICE;10601 MAGNOLIA AVENUE;SANTEE;CA;92071;6192584100
SARATOGA POST OFFICE;19630 ALLENDALE AVE;SARATOGA;CA;95070;4088673950
SAUSALITO POST OFFICE;150 HARBOR DR.;SAUSALITO;CA;94965;4153320227
SEASIDE POST OFFICE;1093 BROADWAY AVE;SEASIDE;CA;93955;8313946329
SEBASTOPOL POST OFFICE;290 S. MAIN STREET;SEBASTOPOL;CA;95472;7078231427
SEELEY POST OFFICE;1801 W. PARK STREET;SEELEY;CA;92273;7603531065
SIERRA MADRE POST OFFICE;61 S. BALDWIN AVENUE;SIERRA MADRE;CA;91024;6268363596
SMITH RIVER POST OFFICE;291 N. FRED D HAIGHT DR.;SMITH RIVER;CA;95567;7074872895
SOLANA BEACH POST OFFICE;153 S SIERRA AVE;SOLANA BEACH;CA;92075;8587931667
SONOMA POST OFFICE;617 BROADWAY;SONOMA;CA;95476;7079969311
TUOLUMNE COUNTY CLERK OFFICE;2 SOUTH GREEN ST;SONORA;CA;95370;2095335573
CITY OF SOUTH GATE- OFFICE OF THE CITY CLERK;8650 CALIFORNIA AVE;SOUTH GATE;CA;90280; 
SOUTH GATE MAIN POST OFFICE;10120 WRIGHT ROAD;SOUTH GATE;CA;90280;3235663715
SOUTH PASADENA PUBLIC LIBRARY;1100 OXLEY ST;SOUTH PASADENA;CA;91030;6264037330
SOUTH SAN FRANCISCO CITY CLERK;400 GRAND AVE.;SOUTH SAN FRANCISCO;CA;94080;6508296646
LA MESA - SPRING VALLEY POST OFFICE;10174 AUSTIN DRIVE;SPRING VALLEY;CA;91977;6196605728
SPRINGVILLE POST OFFICE;35701 HWY 190;SPRINGVILLE;CA;93265;5595396000
STANFORD BRANCH POST OFFICE;531 LASUEN MALL;STANFORD;CA;94305;6503214239
STANTON POST OFFICE;10440 BEACH BLVD;STANTON;CA;90680;7148268830
STOCKTON MAIN POST OFFICE;4245 WEST LANE;STOCKTON;CA;95208;2094603621
STRATHMORE POST OFFICE;19708 ORANGE BELT;STRATHMORE;CA;93267;5595680576
SUISUN CITY POST OFFICE;325 MERGANSER DRIVE;SUISUN CITY;CA;94585;7074255449
SUNNYVALE POST OFFICE;209 E. JAVA DR.;SUNNYVALE;CA;94089;4087470803
SUNOL POST OFFICE;11925 MAIN STREET;SUNOL;CA;94586;9258622130
LASSEN COUNTY TREASURER - TAX COLLECTOR DEPT;220 S. LASSEN ST.;SUSANVILLE;CA;96130;5302518221
TAFT POST OFFICE;427 NORTH STREET;TAFT;CA;93268;6617633342
TAHOE CITY POST OFFICE;950 N. LAKE BLVD;TAHOE CITY;CA;96145;5305834900
TECATE POST OFFICE;441 TECATE ROAD;TECATE;CA;91980;6194785819
TEHACHAPI CITY CLERKS OFFICE;115 S. ROBINSON ST;TEHACHAPI;CA;93561;6618222200
TEMECULA MAIN POST OFFICE;30777 RANCHO CALIFORNIA ROAD;TEMECULA;CA;92591;9516951301
TEMPLE CITY POST OFFICE;5940 N. OAK AVENUE;TEMPLE CITY;CA;91780;6262874243
TERRA BELLA POST OFFICE;9622 ROAD 236;TERRA BELLA;CA;93270;5595357603
THERMAL POST OFFICE;87200 AIRPORT BLVD;THERMAL;CA;92274;7603991734
THOUSAND OAKS LIBRARY;1401 E JANSS RD;THOUSAND OAKS;CA;91362;8054492660
THOUSAND PALMS POST OFFICE;72630 RAMON ROAD;THOUSAND PALMS;CA;92276;7603433428
THREE RIVERS POST OFFICE;40857 SIERRA DR.;THREE RIVERS;CA;93271;5595614261
BELVEDERE - TIBURON POST OFFICE;6 BEACH ROAD;TIBURON;CA;94920;4154355004
TORRANCE MAIN POST OFFICE;2510 MONTEREY STREET;TORRANCE;CA;90503;3102225902
TRUCKEE MAIN POST OFFICE;10050 BRIDGE ST;TRUCKEE;CA;96161;5305877158
TULARE PUBLIC LIBRARY;475 NORTH M ST;TULARE;CA;93274;5596854500
TUSTIN POST OFFICE;340 E 1ST STREET;TUSTIN;CA;92781;7145442258
TWENTY - NINE PALMS POST OFFICE;73839 GORGONIO DRIVE;TWENTY-NINE PALMS;CA;92277;8008019801
UKIAH POST OFFICE;671 S. ORCHARD AVE.;UKIAH;CA;95482;7074623231
UNION CITY MAIN POST OFFICE;33170 ALVARADO NILES ROAD;UNION CITY;CA;94587;5104711180
CITY OF UPLAND;250 N. 3RD AVENUE;UPLAND;CA;91786;9099814501
UPLAND POST OFFICE;333 E. ARROW HIGHWAY;UPLAND;CA;91785;9099460910
VALENCIA PUBLIC LIBRARY;23743 VALENCIA BLVD;VALENCIA;CA;91355;6612590750
VALLEJO POST OFFICE;2635 NAPA ST.;VALLEJO;CA;94590;7076423071
VALLEY CENTER POST OFFICE;28588 COLE GRADE ROAD;VALLEY CENTER;CA;92082;7607496359
VALLEY SPRINGS POST OFFICE;200 E. HWY 12;VALLEY SPRINGS;CA;95252;2097721560
VAN NUYS MEGA PASSPORT OFFICE;15701 SHERMAN WAY;VAN NUYS;CA;91406;8183745638
VICTORVILLE CITY LIBRARY;15011 CIRCLE DR;VICTORVILLE;CA;92395;7602454222
VICTORVILLE POST OFFICE;16333 GREEN TREE BLVD;VICTORVILLE;CA;92395;7602414433
CITY OF VILLA PARK;17855 SANTIAGO BLVD.;VILLA PARK;CA;92861;7149981500
CITY OF VISALIA - CITY HALL;707 W. ACEQUIA AVE.;VISALIA;CA;93291;5597134385
VISALIA MAIN POST OFFICE;2345 W BEECH AVE;VISALIA;CA;93277;5597322237
PALA VISTA ANNEX POST OFFICE;1525 E VISTA WAY;VISTA;CA;92084;7604149710
CITY OF WALNUT;21201 LA PUENTE RD;WALNUT;CA;91789;9095957543
WALNUT CREEK POST OFFICE;2070 NORTH BROADWAY;WALNUT CREEK;CA;94596;9259350256
WASCO POST OFFICE;800 E STREET;WASCO;CA;93280;6617585697
WATSONVILLE POST OFFICE;225 MAIN ST.;WATSONVILLE;CA;95076;8317248414
WEAVERVILLE POST OFFICE;50 S. MINER ST.;WEAVERVILLE;CA;96093;5306236145
CAMERON COMMUNITY CENTER;1305 E. CAMERON AVE;WEST COVINA;CA;91790;6269398857
WEST COVINA POST OFFICE;396 S. CALIFORNIA AVE.;WEST COVINA;CA;91793;6269627491
WEST HOLLYWOOD LIBRARY;625 N. SAN VICENTE BLVD.;WEST HOLLYWOOD;CA;90069;3106525340
WEST SACRAMENTO INDUSTRIAL STATION POST OFFICE;3775 INDUSTRIAL BLVD.;WEST SACRAMENTO;CA;95691;9163738421
ORANGE COUNTY CLERK-RECORDER, WESTMINSTER;15460 MAGNOLIA ST.;WESTMINSTER;CA;92683;7148891481
WESTMINSTER POST OFFICE;15030 GOLDENWEST CIRCLE;WESTMINSTER;CA;92685;7148923232
WESTMORLAND POST OFFICE;199 S. CENTER STREET;WESTMORLAND;CA;92281;7603443092
WHITTIER MAIN POST OFFICE;8520 MICHIGAN AVE;WHITTIER;CA;90605;5626939561
WHITTIER PUBLIC LIBRARY;7344 S. WASHINGTON AVENUE;WHITTIER;CA;90602;5625679900
WHITTWOOD BRANCH LIBRARY;10537 SANTA GERTRUDES;WHITTIER;CA;90603;5625679950
WILDOMAR POST OFFICE;21392 PALOMAR ST.;WILDOMAR;CA;92595;9516789610
WILLIAMS POST OFFICE;801 E ST.;WILLIAMS;CA;95987;5304732472
WILLITS MPO;315 S. MAIN STREET;WILLITS;CA;95490;7074595255
WINCHESTER POST OFFICE;28453 WINCHESTER ROAD;WINCHESTER;CA;92596;9519265381
WINTERHAVEN POST OFFICE;2127 WINTERHAVEN DRIVE;WINTERHAVEN;CA;92283;7605720471
WOODLAKE POST OFFICE;310 N. VALENCIA BLVD.;WOODLAKE;CA;93286;5595645418
WRIGHTWOOD POST OFFICE;1440 STATE HIGHWAY 2;WRIGHTWOOD;CA;92397;7602498882
YERMO POST OFFICE;485 W. YERMO ROAD;YERMO;CA;92398;7602542315
YORBA LINDA POST OFFICE;4770 EUREKA AVE;YORBA LINDA;CA;92885;7145287052
YORBA LINDA PUBLIC LIBRARY;18181 IMPERIAL HWY;YORBA LINDA;CA;92886;7147772873
SISKIYOU COUNTY CLERK;510 NORTH MAIN ST;YREKA;CA;96097;5308428084
YREKA POST OFFICE;401 SOUTH BROADWAY STREET;YREKA;CA;96097;5308429372
SUTTER COUNTY CLERK RECORDER;433 SECOND STREET;YUBA CITY;CA;95991;5308227134
YUCAIPA POST OFFICE;12460 CALIFORNIA STREET;YUCAIPA;CA;92399;8008019801
YUCCA VALLEY POST OFFICE;57280 YUCCA TRAIL;YUCCA VALLEY;CA;92284;7603650725
YUCCA VALLEY TOWN CLERKS OFFICE;57090 TWENTYNINE PALMS HIGHWAY;YUCCA VALLEY;CA;92284;7603697207
